ID,Date,negative,positive,sentiment
6,23/05/2017,1,0,-1
12,23/05/2017,0,1,1
13,23/05/2017,0,2,2
17,23/05/2017,0,1,1
24,23/05/2017,0,1,1
25,24/05/2017,0,1,1
28,24/05/2017,1,0,-1
30,24/05/2017,0,1,1
36,24/05/2017,0,1,1
37,24/05/2017,1,1,0
44,26/05/2017,0,1,1
45,26/05/2017,1,0,-1
49,27/05/2017,1,1,0
52,27/05/2017,0,1,1
54,28/05/2017,2,0,-2
56,28/05/2017,1,0,-1
59,30/05/2017,0,1,1
61,30/05/2017,1,1,0
62,30/05/2017,1,0,-1
68,01/06/2017,0,1,1
71,02/06/2017,0,1,1
73,02/06/2017,0,1,1
74,03/06/2017,1,1,0
75,03/06/2017,1,0,-1
78,03/06/2017,0,1,1
79,04/06/2017,1,1,0
83,05/06/2017,0,1,1
86,06/06/2017,1,0,-1
88,07/06/2017,0,1,1
90,07/06/2017,0,1,1
91,07/06/2017,0,2,2
92,07/06/2017,0,1,1
93,07/06/2017,1,1,0
94,08/06/2017,0,1,1
95,08/06/2017,2,0,-2
98,09/06/2017,0,1,1
101,09/06/2017,0,1,1
107,11/06/2017,0,1,1
108,12/06/2017,0,1,1
124,16/06/2017,1,1,0
125,16/06/2017,1,0,-1
126,16/06/2017,0,1,1
132,18/06/2017,0,1,1
134,18/06/2017,0,1,1
135,18/06/2017,0,1,1
139,20/06/2017,1,0,-1
142,21/06/2017,0,1,1
146,22/06/2017,1,0,-1
147,22/06/2017,0,1,1
148,23/06/2017,0,1,1
155,25/06/2017,1,0,-1
156,25/06/2017,1,0,-1
161,26/06/2017,1,0,-1
163,27/06/2017,0,1,1
165,28/06/2017,0,1,1
166,28/06/2017,0,1,1
171,29/06/2017,0,1,1
172,29/06/2017,0,1,1
173,30/06/2017,0,1,1
182,01/07/2017,2,0,-2
184,02/07/2017,0,1,1
185,02/07/2017,0,1,1
186,02/07/2017,0,1,1
187,02/07/2017,0,1,1
189,03/07/2017,0,1,1
190,03/07/2017,1,1,0
191,03/07/2017,0,1,1
192,03/07/2017,0,1,1
194,04/07/2017,0,1,1
196,05/07/2017,1,1,0
197,05/07/2017,0,1,1
198,05/07/2017,0,2,2
200,06/07/2017,0,1,1
203,07/07/2017,1,0,-1
204,07/07/2017,0,2,2
205,07/07/2017,0,1,1
209,08/07/2017,0,1,1
210,08/07/2017,1,0,-1
212,10/07/2017,0,1,1
213,10/07/2017,0,1,1
214,10/07/2017,0,1,1
215,10/07/2017,1,1,0
216,10/07/2017,0,3,3
218,10/07/2017,1,2,1
219,11/07/2017,0,1,1
220,11/07/2017,1,1,0
224,13/07/2017,0,1,1
226,15/07/2017,0,1,1
227,16/07/2017,0,1,1
230,17/07/2017,1,0,-1
238,20/07/2017,1,0,-1
240,21/07/2017,0,1,1
246,25/07/2017,0,1,1
249,26/07/2017,1,0,-1
250,27/07/2017,1,0,-1
253,29/07/2017,1,0,-1
258,01/08/2017,0,1,1
260,01/08/2017,0,1,1
261,02/08/2017,0,1,1
262,02/08/2017,0,1,1
265,03/08/2017,0,1,1
266,03/08/2017,1,1,0
267,04/08/2017,0,1,1
271,05/08/2017,0,1,1
272,05/08/2017,0,1,1
276,09/08/2017,1,0,-1
277,09/08/2017,2,0,-2
280,11/08/2017,0,1,1
286,16/08/2017,0,1,1
287,16/08/2017,1,0,-1
288,17/08/2017,0,1,1
294,21/08/2017,0,1,1
299,25/08/2017,0,1,1
300,26/08/2017,0,1,1
303,28/08/2017,1,0,-1
305,29/08/2017,1,0,-1
308,29/08/2017,0,1,1
312,31/08/2017,1,0,-1
313,01/09/2017,1,0,-1
315,01/09/2017,0,1,1
316,02/09/2017,0,1,1
318,04/09/2017,1,0,-1
319,05/09/2017,0,1,1
325,11/09/2017,0,1,1
331,13/09/2017,0,1,1
335,20/09/2017,0,1,1
336,21/09/2017,1,0,-1
339,25/09/2017,1,0,-1
340,26/09/2017,1,0,-1
341,27/09/2017,0,1,1
349,04/10/2017,1,0,-1
353,05/10/2017,0,1,1
354,07/10/2017,0,1,1
355,09/10/2017,1,0,-1
356,13/10/2017,0,1,1
358,13/10/2017,1,0,-1
362,19/10/2017,1,1,0
363,20/10/2017,1,0,-1
364,21/10/2017,0,1,1
365,23/10/2017,1,1,0
367,23/10/2017,0,2,2
370,30/10/2017,0,1,1
372,31/10/2017,0,2,2
373,02/11/2017,1,0,-1
374,02/11/2017,1,1,0
376,03/11/2017,1,0,-1
380,07/11/2017,1,1,0
381,09/11/2017,1,0,-1
383,14/11/2017,1,0,-1
384,14/11/2017,0,1,1
390,29/11/2017,1,1,0
391,29/11/2017,0,1,1
394,08/12/2017,0,1,1
396,13/12/2017,1,0,-1
398,19/12/2017,0,1,1
399,19/12/2017,0,2,2
405,23/12/2017,1,1,0
407,27/12/2017,1,1,0
408,28/12/2017,0,3,3
410,04/01/2018,0,1,1
414,09/01/2018,0,1,1
418,17/01/2018,0,1,1
421,19/01/2018,0,1,1
424,22/01/2018,0,1,1
425,23/01/2018,0,1,1
426,23/01/2018,1,0,-1
429,29/01/2018,0,1,1
430,31/01/2018,1,0,-1
433,07/02/2018,0,2,2
436,08/02/2018,0,1,1
438,12/02/2018,1,0,-1
439,13/02/2018,0,1,1
440,13/02/2018,0,1,1
442,21/02/2018,1,0,-1
443,24/02/2018,1,0,-1
444,25/02/2018,1,0,-1
446,28/02/2018,1,0,-1
449,07/03/2018,0,1,1
452,09/03/2018,1,0,-1
454,13/03/2018,1,0,-1
456,15/03/2018,0,1,1
457,16/03/2018,0,1,1
460,19/03/2018,1,1,0
461,19/03/2018,0,1,1
466,27/03/2018,1,0,-1
470,09/04/2018,0,1,1
471,10/04/2018,0,5,5
476,17/04/2018,0,1,1
480,26/04/2018,1,1,0
483,30/04/2018,0,1,1
484,01/05/2018,0,1,1
486,06/05/2018,1,0,-1
488,07/05/2018,2,0,-2
491,09/05/2018,1,1,0
493,12/05/2018,1,0,-1
498,17/05/2018,0,1,1
502,01/06/2018,2,0,-2
504,11/06/2018,2,1,-1
508,04/07/2018,0,1,1
509,08/07/2018,0,1,1
510,31/07/2018,0,1,1
518,14/09/2018,0,2,2
521,21/09/2018,2,0,-2
524,26/09/2018,1,1,0
529,06/10/2018,0,1,1
533,18/10/2018,0,1,1
534,23/10/2018,0,1,1
537,05/11/2018,0,1,1
538,09/11/2018,0,1,1
540,14/11/2018,2,0,-2
542,26/11/2018,3,0,-3
543,26/11/2018,0,1,1
544,03/12/2018,0,1,1
545,10/12/2018,1,0,-1
546,11/12/2018,0,1,1
553,10/01/2019,2,1,-1
558,09/02/2019,0,1,1
560,14/02/2019,1,0,-1
565,19/02/2019,1,0,-1
566,27/02/2019,1,1,0
568,07/03/2019,2,0,-2
572,21/03/2019,0,1,1
573,22/03/2019,0,1,1
575,30/03/2019,1,0,-1
577,05/04/2019,0,1,1
578,09/04/2019,1,0,-1
584,25/04/2019,0,1,1
585,30/04/2019,0,1,1
587,04/05/2019,0,1,1
589,07/05/2019,1,0,-1
590,08/05/2019,1,0,-1
592,16/05/2019,0,1,1
594,21/05/2019,1,1,0
596,28/05/2019,1,0,-1
598,30/05/2019,0,1,1
600,03/06/2019,0,1,1
601,09/06/2019,1,0,-1
603,12/06/2019,1,0,-1
606,29/06/2019,0,1,1
608,09/07/2019,0,1,1
612,31/07/2019,1,0,-1
615,19/08/2019,0,1,1
619,13/09/2019,0,1,1
624,19/09/2019,0,1,1
626,23/09/2019,0,1,1
628,28/09/2019,0,1,1
632,24/10/2019,1,0,-1
633,29/10/2019,1,0,-1
637,04/11/2019,1,0,-1
638,06/11/2019,0,2,2
639,06/11/2019,1,0,-1
646,07/12/2019,0,1,1
648,13/12/2019,1,0,-1
650,21/12/2019,0,1,1
652,04/01/2020,1,0,-1
653,08/01/2020,0,1,1
655,14/01/2020,0,1,1
660,24/01/2020,1,1,0
662,09/02/2020,0,1,1
663,10/02/2020,0,1,1
664,19/02/2020,0,1,1
666,23/02/2020,0,1,1
669,10/03/2020,1,0,-1
670,10/03/2020,0,1,1
672,17/03/2020,0,1,1
675,27/03/2020,1,0,-1
676,27/03/2020,1,0,-1
678,31/03/2020,1,0,-1
679,07/04/2020,1,1,0
680,09/04/2020,2,0,-2
682,20/04/2020,0,1,1
683,22/04/2020,1,1,0
687,13/05/2020,1,1,0
692,30/05/2020,1,0,-1
695,08/06/2020,0,1,1
697,15/07/2020,1,0,-1
698,16/07/2020,1,0,-1
699,22/07/2020,0,1,1
702,31/07/2020,0,1,1
713,31/08/2020,0,2,2
714,01/09/2020,1,0,-1
715,04/09/2020,2,1,-1
718,10/09/2020,0,2,2
720,14/09/2020,0,1,1
724,24/09/2020,1,1,0
731,16/11/2020,1,0,-1
734,10/12/2020,1,0,-1
739,21/12/2020,0,1,1
743,10/01/2021,0,1,1
748,24/01/2021,0,1,1
750,03/02/2021,0,1,1
755,17/02/2021,1,0,-1
756,21/02/2021,0,1,1
762,20/03/2021,1,0,-1
764,12/04/2021,0,1,1
768,26/04/2021,0,1,1
775,20/05/2021,1,0,-1
776,21/05/2021,1,0,-1
777,30/05/2021,0,1,1
780,17/06/2021,0,1,1
781,18/06/2021,0,1,1
782,21/06/2021,0,1,1
783,29/06/2021,0,1,1
786,12/07/2021,0,1,1
787,29/07/2021,0,1,1
792,03/09/2021,0,1,1
794,09/10/2021,0,1,1
796,20/10/2021,1,0,-1
798,20/11/2021,0,1,1
803,13/12/2021,1,0,-1
810,11/01/2022,0,1,1
816,16/02/2022,2,0,-2
831,19/06/2022,0,1,1
833,04/07/2022,0,1,1
835,02/08/2022,1,1,0
837,04/09/2022,1,1,0
852,08/02/2023,1,0,-1
854,13/02/2023,1,0,-1
857,27/03/2023,1,1,0
864,08/05/2023,1,0,-1
869,25/05/2023,2,0,-2
870,26/05/2023,1,0,-1
874,29/05/2023,1,1,0
878,29/06/2023,0,1,1
880,24/07/2023,0,1,1
883,21/10/2023,1,0,-1
887,05/11/2023,1,0,-1
896,16/01/2024,0,1,1
899,01/02/2024,0,1,1
902,02/03/2024,1,1,0
903,16/03/2024,1,0,-1
911,10/06/2024,2,0,-2
916,07/09/2024,0,1,1
918,23/10/2024,0,1,1
920,18/11/2024,1,1,0
927,04/01/2017,0,1,1
929,06/01/2017,1,0,-1
938,15/02/2017,1,0,-1
941,20/02/2017,2,0,-2
945,28/02/2017,1,1,0
948,02/03/2017,0,1,1
949,03/03/2017,1,1,0
950,03/03/2017,1,1,0
952,06/03/2017,0,1,1
953,07/03/2017,0,1,1
954,10/03/2017,0,1,1
959,14/03/2017,3,0,-3
960,16/03/2017,1,1,0
964,20/03/2017,0,1,1
967,25/03/2017,1,0,-1
968,26/03/2017,1,0,-1
969,28/03/2017,0,1,1
970,29/03/2017,0,1,1
971,04/04/2017,0,1,1
975,18/04/2017,1,0,-1
981,03/05/2017,0,1,1
983,06/05/2017,0,1,1
984,07/05/2017,1,0,-1
985,09/05/2017,0,1,1
986,09/05/2017,1,0,-1
989,13/05/2017,0,2,2
991,15/05/2017,1,0,-1
993,17/05/2017,0,1,1
996,22/05/2017,2,0,-2
997,25/05/2017,2,1,-1
1001,07/06/2017,0,2,2
1002,09/06/2017,0,1,1
1008,17/06/2017,1,0,-1
1009,19/06/2017,1,0,-1
1010,21/06/2017,0,1,1
1011,27/06/2017,1,0,-1
1014,01/07/2017,1,0,-1
1015,03/07/2017,1,0,-1
1016,03/07/2017,1,2,1
1017,03/07/2017,0,1,1
1019,09/07/2017,0,1,1
1020,11/07/2017,0,1,1
1022,13/07/2017,1,0,-1
1025,17/07/2017,1,0,-1
1027,24/07/2017,0,1,1
1028,24/07/2017,1,0,-1
1029,27/07/2017,1,0,-1
1030,28/07/2017,0,1,1
1035,07/08/2017,0,1,1
1037,08/08/2017,0,1,1
1039,09/08/2017,1,0,-1
1043,14/08/2017,1,0,-1
1050,28/08/2017,1,0,-1
1053,30/08/2017,0,1,1
1057,07/09/2017,0,1,1
1058,10/09/2017,0,1,1
1059,11/09/2017,1,0,-1
1062,16/09/2017,0,1,1
1071,02/10/2017,1,0,-1
1072,03/10/2017,1,0,-1
1075,04/10/2017,1,0,-1
1081,11/10/2017,1,0,-1
1082,11/10/2017,1,0,-1
1087,18/10/2017,0,1,1
1089,22/10/2017,0,1,1
1091,22/10/2017,0,1,1
1092,22/10/2017,0,1,1
1093,25/10/2017,2,0,-2
1100,03/11/2017,1,0,-1
1101,03/11/2017,0,1,1
1103,04/11/2017,1,0,-1
1105,06/11/2017,1,0,-1
1114,15/11/2017,2,0,-2
1116,20/11/2017,0,1,1
1117,21/11/2017,2,0,-2
1118,24/11/2017,0,1,1
1119,26/11/2017,1,0,-1
1120,27/11/2017,2,1,-1
1121,30/11/2017,0,1,1
1122,01/12/2017,1,0,-1
1123,03/12/2017,0,1,1
1126,05/12/2017,1,0,-1
1128,07/12/2017,0,1,1
1129,08/12/2017,0,1,1
1131,11/12/2017,1,1,0
1139,26/12/2017,1,0,-1
1140,27/12/2017,0,2,2
1141,27/12/2017,2,0,-2
1142,30/12/2017,1,0,-1
1145,08/01/2018,1,0,-1
1146,13/01/2018,0,1,1
1148,15/01/2018,1,0,-1
1150,23/01/2018,1,0,-1
1151,23/01/2018,0,1,1
1162,09/02/2018,1,0,-1
1165,12/02/2018,1,1,0
1167,13/02/2018,3,1,-2
1168,16/02/2018,1,0,-1
1172,22/02/2018,1,2,1
1173,22/02/2018,0,2,2
1178,27/02/2018,1,1,0
1183,02/03/2018,1,0,-1
1186,04/03/2018,0,1,1
1187,05/03/2018,2,1,-1
1188,06/03/2018,1,1,0
1189,09/03/2018,0,1,1
1191,15/03/2018,0,1,1
1194,16/03/2018,1,1,0
1197,19/03/2018,1,0,-1
1201,21/03/2018,0,1,1
1203,23/03/2018,0,1,1
1204,23/03/2018,0,1,1
1206,25/03/2018,1,0,-1
1207,26/03/2018,1,0,-1
1211,04/04/2018,1,0,-1
1213,04/04/2018,1,0,-1
1214,07/04/2018,0,1,1
1215,10/04/2018,0,1,1
1221,19/04/2018,1,1,0
1224,27/04/2018,0,2,2
1228,03/05/2018,1,1,0
1233,14/05/2018,0,1,1
1235,17/05/2018,1,0,-1
1236,17/05/2018,0,1,1
1238,18/05/2018,1,0,-1
1245,27/05/2018,0,1,1
1255,08/06/2018,0,1,1
1257,10/06/2018,1,1,0
1258,13/06/2018,0,1,1
1261,17/06/2018,1,0,-1
1262,18/06/2018,1,0,-1
1267,25/06/2018,0,1,1
1268,27/06/2018,2,2,0
1269,27/06/2018,1,0,-1
1273,30/06/2018,0,1,1
1276,05/07/2018,1,1,0
1279,13/07/2018,0,1,1
1281,17/07/2018,1,0,-1
1285,20/07/2018,0,1,1
1289,31/07/2018,2,0,-2
1290,01/08/2018,0,1,1
1298,16/08/2018,0,1,1
1300,23/08/2018,1,0,-1
1301,23/08/2018,0,1,1
1307,29/08/2018,1,1,0
1308,30/08/2018,0,1,1
1309,31/08/2018,1,0,-1
1313,06/09/2018,1,0,-1
1316,13/09/2018,0,2,2
1318,14/09/2018,1,0,-1
1320,16/09/2018,0,1,1
1325,25/09/2018,2,1,-1
1335,09/10/2018,1,0,-1
1338,14/10/2018,1,0,-1
1339,14/10/2018,1,1,0
1341,16/10/2018,2,0,-2
1342,17/10/2018,1,0,-1
1348,01/11/2018,1,0,-1
1349,02/11/2018,1,0,-1
1350,02/11/2018,1,0,-1
1352,03/11/2018,1,0,-1
1353,06/11/2018,0,1,1
1360,12/11/2018,0,1,1
1362,15/11/2018,1,1,0
1363,16/11/2018,0,1,1
1364,18/11/2018,1,0,-1
1369,24/11/2018,0,1,1
1373,30/11/2018,1,1,0
1375,03/12/2018,3,1,-2
1381,10/12/2018,1,1,0
1388,17/12/2018,0,2,2
1389,17/12/2018,0,1,1
1390,17/12/2018,1,0,-1
1394,22/12/2018,1,1,0
1397,26/12/2018,0,1,1
1398,26/12/2018,0,1,1
1399,27/12/2018,1,0,-1
1401,29/12/2018,1,0,-1
1403,30/12/2018,1,0,-1
1404,31/12/2018,1,0,-1
1409,11/01/2019,1,1,0
1411,18/01/2019,0,1,1
1412,23/01/2019,1,0,-1
1413,24/01/2019,0,1,1
1415,24/01/2019,0,1,1
1416,24/01/2019,1,0,-1
1419,29/01/2019,0,1,1
1420,30/01/2019,1,0,-1
1421,31/01/2019,0,1,1
1422,04/02/2019,0,1,1
1426,08/02/2019,1,0,-1
1427,09/02/2019,0,1,1
1431,15/02/2019,0,1,1
1432,17/02/2019,1,1,0
1436,20/02/2019,1,0,-1
1437,21/02/2019,1,0,-1
1442,02/03/2019,2,0,-2
1443,02/03/2019,0,1,1
1444,03/03/2019,0,1,1
1449,16/03/2019,0,1,1
1451,21/03/2019,1,0,-1
1456,27/03/2019,0,1,1
1457,27/03/2019,0,2,2
1458,28/03/2019,0,1,1
1463,07/04/2019,1,0,-1
1464,09/04/2019,0,2,2
1465,10/04/2019,0,1,1
1466,15/04/2019,1,0,-1
1468,17/04/2019,1,1,0
1469,17/04/2019,1,0,-1
1472,26/04/2019,0,1,1
1474,30/04/2019,0,1,1
1476,01/05/2019,1,0,-1
1478,02/05/2019,0,2,2
1480,03/05/2019,1,0,-1
1481,03/05/2019,1,0,-1
1482,04/05/2019,1,1,0
1484,05/05/2019,1,0,-1
1485,09/05/2019,0,1,1
1486,10/05/2019,1,0,-1
1489,16/05/2019,0,1,1
1492,20/05/2019,1,0,-1
1493,21/05/2019,3,0,-3
1494,27/05/2019,0,1,1
1496,28/05/2019,1,1,0
1499,07/06/2019,0,1,1
1503,24/06/2019,1,0,-1
1505,25/06/2019,0,2,2
1506,26/06/2019,0,1,1
1509,04/07/2019,1,0,-1
1514,29/07/2019,0,1,1
1516,07/08/2019,1,0,-1
1518,14/08/2019,1,0,-1
1520,16/08/2019,1,0,-1
1523,24/08/2019,0,1,1
1526,01/09/2019,0,1,1
1527,02/09/2019,1,0,-1
1528,02/09/2019,3,0,-3
1529,02/09/2019,0,1,1
1530,03/09/2019,1,0,-1
1533,09/09/2019,0,1,1
1536,12/09/2019,0,2,2
1542,23/09/2019,0,1,1
1543,24/09/2019,0,1,1
1544,25/09/2019,2,0,-2
1548,01/10/2019,1,0,-1
1551,02/10/2019,1,0,-1
1553,06/10/2019,1,0,-1
1556,09/10/2019,1,0,-1
1557,12/10/2019,1,0,-1
1565,29/10/2019,2,0,-2
1567,30/10/2019,1,0,-1
1569,03/11/2019,1,0,-1
1570,05/11/2019,1,0,-1
1572,12/11/2019,0,1,1
1574,15/11/2019,0,1,1
1576,19/11/2019,2,0,-2
1577,20/11/2019,2,1,-1
1578,21/11/2019,1,0,-1
1580,24/11/2019,1,1,0
1582,25/11/2019,0,1,1
1586,29/11/2019,1,0,-1
1587,30/11/2019,1,0,-1
1592,13/12/2019,1,0,-1
1598,26/12/2019,1,0,-1
1599,27/12/2019,0,2,2
1601,04/01/2020,1,2,1
1604,09/01/2020,1,0,-1
1606,14/01/2020,1,2,1
1608,15/01/2020,0,1,1
1611,19/01/2020,1,0,-1
1613,22/01/2020,1,0,-1
1614,31/01/2020,2,0,-2
1616,05/02/2020,1,0,-1
1618,09/02/2020,1,0,-1
1622,14/02/2020,0,1,1
1623,14/02/2020,1,0,-1
1624,17/02/2020,1,0,-1
1626,17/02/2020,1,0,-1
1627,18/02/2020,0,2,2
1630,23/02/2020,1,0,-1
1631,23/02/2020,0,1,1
1632,24/02/2020,1,0,-1
1638,02/03/2020,0,1,1
1639,05/03/2020,0,1,1
1641,10/03/2020,0,1,1
1645,17/03/2020,0,1,1
1647,17/03/2020,0,2,2
1648,18/03/2020,1,1,0
1656,02/04/2020,0,1,1
1661,14/04/2020,0,1,1
1662,14/04/2020,2,0,-2
1665,22/04/2020,0,1,1
1671,29/04/2020,1,0,-1
1672,04/05/2020,0,1,1
1675,06/05/2020,0,1,1
1676,07/05/2020,0,1,1
1679,08/05/2020,1,0,-1
1681,13/05/2020,1,0,-1
1686,22/05/2020,1,0,-1
1689,01/06/2020,0,1,1
1691,03/06/2020,0,1,1
1697,16/06/2020,0,1,1
1698,18/06/2020,1,0,-1
1700,22/06/2020,1,0,-1
1705,29/06/2020,0,1,1
1708,07/07/2020,0,1,1
1709,09/07/2020,1,0,-1
1710,09/07/2020,0,1,1
1711,10/07/2020,0,1,1
1712,11/07/2020,0,1,1
1713,13/07/2020,0,1,1
1715,21/07/2020,2,0,-2
1719,03/08/2020,1,0,-1
1720,04/08/2020,0,1,1
1721,05/08/2020,1,0,-1
1729,15/08/2020,0,2,2
1731,25/08/2020,0,1,1
1735,27/08/2020,0,1,1
1738,29/08/2020,0,1,1
1741,03/09/2020,1,0,-1
1742,04/09/2020,2,0,-2
1743,05/09/2020,1,0,-1
1745,06/09/2020,0,1,1
1746,07/09/2020,0,1,1
1747,07/09/2020,0,1,1
1749,08/09/2020,1,0,-1
1754,17/09/2020,2,1,-1
1755,18/09/2020,0,1,1
1759,25/09/2020,1,0,-1
1765,30/09/2020,0,1,1
1766,30/09/2020,2,0,-2
1769,04/10/2020,1,0,-1
1772,07/10/2020,1,0,-1
1774,07/10/2020,1,1,0
1775,07/10/2020,1,0,-1
1776,09/10/2020,0,1,1
1777,11/10/2020,0,1,1
1782,21/10/2020,1,0,-1
1784,22/10/2020,0,1,1
1787,24/10/2020,0,1,1
1791,30/10/2020,1,1,0
1806,26/11/2020,1,0,-1
1807,27/11/2020,0,3,3
1808,29/11/2020,0,1,1
1809,29/11/2020,0,1,1
1810,01/12/2020,1,0,-1
1818,18/12/2020,2,0,-2
1822,05/01/2021,1,0,-1
1827,20/01/2021,1,0,-1
1828,21/01/2021,0,1,1
1832,27/01/2021,1,1,0
1833,03/02/2021,1,0,-1
1842,18/02/2021,1,0,-1
1843,19/02/2021,0,1,1
1845,23/02/2021,0,1,1
1846,25/02/2021,0,1,1
1849,28/02/2021,0,2,2
1850,01/03/2021,1,0,-1
1851,01/03/2021,0,1,1
1853,06/03/2021,1,0,-1
1855,11/03/2021,0,1,1
1858,19/03/2021,0,1,1
1861,21/03/2021,1,2,1
1866,29/03/2021,0,1,1
1868,02/04/2021,1,0,-1
1869,02/04/2021,1,1,0
1871,03/04/2021,0,1,1
1872,04/04/2021,0,1,1
1881,15/04/2021,1,0,-1
1882,17/04/2021,1,0,-1
1885,19/04/2021,0,1,1
1887,25/04/2021,0,2,2
1888,25/04/2021,1,1,0
1892,30/04/2021,1,0,-1
1896,10/05/2021,0,1,1
1897,12/05/2021,2,0,-2
1901,21/05/2021,1,0,-1
1907,01/06/2021,1,0,-1
1910,03/06/2021,0,1,1
1912,05/06/2021,0,1,1
1914,07/06/2021,1,0,-1
1915,10/06/2021,0,1,1
1919,16/06/2021,0,1,1
1922,18/06/2021,0,1,1
1925,21/06/2021,0,1,1
1926,22/06/2021,0,1,1
1929,03/07/2021,1,0,-1
1933,14/07/2021,0,1,1
1934,14/07/2021,2,0,-2
1941,04/08/2021,1,0,-1
1945,19/08/2021,1,1,0
1946,21/08/2021,1,0,-1
1947,23/08/2021,0,1,1
1949,27/08/2021,0,1,1
1953,02/09/2021,1,0,-1
1956,05/09/2021,1,0,-1
1957,06/09/2021,1,0,-1
1962,09/09/2021,0,1,1
1963,10/09/2021,0,1,1
1964,10/09/2021,1,0,-1
1967,12/09/2021,0,1,1
1973,02/10/2021,1,1,0
1974,04/10/2021,2,0,-2
1975,04/10/2021,0,1,1
1976,08/10/2021,2,0,-2
1977,09/10/2021,1,0,-1
1979,14/10/2021,0,1,1
1985,21/10/2021,0,2,2
1987,27/10/2021,1,0,-1
1988,02/11/2021,1,0,-1
1990,08/11/2021,1,0,-1
1991,09/11/2021,0,2,2
1993,10/11/2021,0,1,1
1994,12/11/2021,0,1,1
1995,12/11/2021,1,1,0
1996,14/11/2021,1,0,-1
2006,01/12/2021,1,0,-1
2007,03/12/2021,0,2,2
2011,06/12/2021,1,0,-1
2013,11/12/2021,1,1,0
2014,17/12/2021,1,0,-1
2015,23/12/2021,1,1,0
2018,01/01/2022,1,2,1
2019,01/01/2022,0,1,1
2020,03/01/2022,0,1,1
2023,08/01/2022,1,0,-1
2027,13/01/2022,2,0,-2
2028,18/01/2022,1,0,-1
2030,19/01/2022,0,1,1
2032,25/01/2022,0,1,1
2037,08/02/2022,0,1,1
2040,15/02/2022,0,1,1
2043,16/02/2022,4,0,-4
2044,17/02/2022,1,0,-1
2046,18/02/2022,0,1,1
2048,19/02/2022,2,0,-2
2050,21/02/2022,0,1,1
2051,21/02/2022,0,1,1
2058,01/03/2022,2,0,-2
2064,13/03/2022,1,0,-1
2066,15/03/2022,0,1,1
2069,17/03/2022,0,1,1
2073,25/03/2022,1,1,0
2083,25/04/2022,1,0,-1
2084,25/04/2022,2,0,-2
2085,26/04/2022,0,1,1
2086,26/04/2022,0,2,2
2088,01/05/2022,1,1,0
2096,19/05/2022,0,1,1
2103,16/06/2022,1,0,-1
2104,16/06/2022,0,1,1
2105,22/06/2022,1,0,-1
2106,27/06/2022,1,0,-1
2114,27/07/2022,1,0,-1
2115,29/07/2022,0,1,1
2119,08/08/2022,0,1,1
2120,08/08/2022,1,0,-1
2121,10/08/2022,1,1,0
2123,12/08/2022,1,0,-1
2124,14/08/2022,0,1,1
2125,15/08/2022,0,1,1
2132,25/08/2022,1,0,-1
2135,26/08/2022,0,1,1
2140,11/09/2022,1,0,-1
2141,13/09/2022,1,0,-1
2145,02/10/2022,1,0,-1
2148,15/10/2022,0,1,1
2149,16/10/2022,1,0,-1
2151,19/10/2022,0,1,1
2152,20/10/2022,1,1,0
2155,31/10/2022,0,1,1
2156,04/11/2022,1,0,-1
2157,06/11/2022,1,0,-1
2159,10/11/2022,0,1,1
2161,12/11/2022,1,1,0
2162,13/11/2022,1,1,0
2164,14/11/2022,1,0,-1
2165,22/11/2022,0,1,1
2166,22/11/2022,1,0,-1
2168,24/11/2022,1,1,0
2177,12/12/2022,1,0,-1
2178,19/12/2022,2,1,-1
2180,02/01/2023,2,0,-2
2183,08/01/2023,2,0,-2
2184,11/01/2023,1,1,0
2187,20/01/2023,1,0,-1
2188,24/01/2023,0,1,1
2190,25/01/2023,1,0,-1
2192,26/01/2023,1,0,-1
2194,28/01/2023,1,0,-1
2199,12/02/2023,1,0,-1
2202,15/02/2023,1,0,-1
2206,21/02/2023,1,0,-1
2208,25/02/2023,1,0,-1
2213,09/03/2023,0,1,1
2214,10/03/2023,0,1,1
2216,16/03/2023,0,1,1
2221,19/03/2023,1,1,0
2222,20/03/2023,1,0,-1
2226,25/03/2023,2,0,-2
2227,26/03/2023,1,0,-1
2228,28/03/2023,1,0,-1
2232,02/04/2023,1,1,0
2237,16/04/2023,1,0,-1
2239,19/04/2023,1,1,0
2242,20/04/2023,1,0,-1
2247,23/04/2023,1,1,0
2248,24/04/2023,0,1,1
2253,10/05/2023,0,1,1
2255,11/05/2023,1,1,0
2256,13/05/2023,0,1,1
2257,16/05/2023,1,0,-1
2258,17/05/2023,1,2,1
2261,20/05/2023,0,1,1
2265,23/05/2023,0,1,1
2272,19/06/2023,1,2,1
2275,29/06/2023,0,1,1
2278,08/07/2023,0,1,1
2279,13/07/2023,0,1,1
2282,16/07/2023,1,0,-1
2283,29/07/2023,0,2,2
2287,11/08/2023,1,0,-1
2290,19/08/2023,1,0,-1
2292,21/08/2023,3,1,-2
2293,23/08/2023,0,1,1
2296,27/08/2023,0,1,1
2297,27/08/2023,0,1,1
2299,29/08/2023,0,1,1
2300,01/09/2023,0,1,1
2301,01/09/2023,0,1,1
2303,03/09/2023,1,0,-1
2304,11/09/2023,1,0,-1
2308,13/09/2023,1,0,-1
2312,23/09/2023,0,1,1
2321,04/10/2023,2,0,-2
2322,06/10/2023,0,1,1
2325,09/10/2023,0,2,2
2326,10/10/2023,1,0,-1
2330,16/10/2023,1,0,-1
2333,19/10/2023,0,1,1
2335,21/10/2023,3,0,-3
2336,23/10/2023,0,1,1
2337,24/10/2023,0,1,1
2339,27/10/2023,2,0,-2
2347,05/11/2023,0,2,2
2350,08/11/2023,1,0,-1
2351,10/11/2023,1,0,-1
2353,16/11/2023,3,0,-3
2355,18/11/2023,2,0,-2
2358,27/11/2023,1,1,0
2363,05/12/2023,1,0,-1
2365,07/12/2023,2,1,-1
2366,10/12/2023,0,1,1
2368,14/12/2023,0,1,1
2369,18/12/2023,0,1,1
2372,02/01/2024,2,0,-2
2373,03/01/2024,0,1,1
2374,04/01/2024,2,0,-2
2375,06/01/2024,0,1,1
2379,16/01/2024,0,1,1
2380,18/01/2024,0,1,1
2383,25/01/2024,0,1,1
2385,25/01/2024,0,1,1
2386,31/01/2024,0,1,1
2387,06/02/2024,1,0,-1
2389,09/02/2024,1,0,-1
2390,10/02/2024,1,0,-1
2391,14/02/2024,1,1,0
2394,20/02/2024,0,1,1
2395,21/02/2024,1,0,-1
2397,24/02/2024,1,2,1
2400,28/02/2024,1,0,-1
2402,06/03/2024,0,1,1
2405,07/03/2024,1,0,-1
2406,08/03/2024,1,0,-1
2408,14/03/2024,1,0,-1
2410,23/03/2024,0,1,1
2411,27/03/2024,0,2,2
2412,29/03/2024,2,0,-2
2413,30/03/2024,1,1,0
2418,04/04/2024,0,1,1
2419,05/04/2024,0,1,1
2421,11/04/2024,0,1,1
2422,14/04/2024,2,0,-2
2425,26/04/2024,0,1,1
2430,04/05/2024,1,0,-1
2431,06/05/2024,0,1,1
2432,09/05/2024,0,1,1
2433,10/05/2024,2,1,-1
2434,10/05/2024,0,1,1
2435,11/05/2024,0,1,1
2437,16/05/2024,2,1,-1
2438,16/05/2024,0,1,1
2439,26/05/2024,0,1,1
2440,02/06/2024,0,2,2
2449,07/07/2024,1,0,-1
2450,14/07/2024,0,1,1
2451,16/07/2024,0,1,1
2454,17/07/2024,0,1,1
2455,31/07/2024,1,0,-1
2458,10/08/2024,0,2,2
2466,10/09/2024,0,2,2
2470,02/10/2024,0,1,1
2472,11/10/2024,2,0,-2
2473,11/10/2024,0,1,1
2475,24/10/2024,0,1,1
2479,29/10/2024,1,0,-1
2482,08/11/2024,1,0,-1
2489,07/12/2024,0,1,1
2490,08/12/2024,0,1,1
2491,10/12/2024,1,1,0
2492,16/12/2024,1,0,-1
2494,19/12/2024,1,1,0
2495,24/07/2019,1,0,-1
